"Years","1960","1961","1962","1963","1964","1965","1966","1967","1968","1969","1970","1971","1972","1973","1974","1975","1976","1977","1978","1979","1980","1981","1982","1983","1984","1985","1986","1987","1988","1989","1990","1991","1992","1993","1994","1995","1996","1997","1998","1999","2000","2001","2002","2003","2004","2005","2006","2007","2008","2009","2010","2011","2012","2013","2014","2015","2016","2017","2018","2019","2020"
"High school dropout rate (%)","0.272",,,,,,,"0.17","0.162","0.152","0.149616976595445","0.147","0.146","0.141","0.143","0.139031996485994","0.141420508245429","0.141097681897405","0.14232003005761","0.145708837286541","0.14069662564526","0.139196187283697","0.138687730129697","0.136687799576413","0.131407031343229","0.125763975335932","0.122030159255846","0.126451587908263","0.128669708112469","0.126161483639719","0.120746302833699","0.124503737448269","0.11019595978568","0.110100113470579","0.114451246321747","0.119700752904832","0.111264103884325","0.109964336950165","0.117872715657069","0.111986267346335","0.10932903260816","0.107167753127972","0.104888609700627","0.098688615715589","0.103162764347867","0.094056585863308","0.093452953959488","0.087446869008713","0.080112853418057","0.080539012493962","0.074210126104322","0.071026513024699","0.066039981889762","0.067580882864886","0.065369473831795","0.058555815131718","0.060839847181398","0.05773088047159","0.057016088926845","0.052211812361433","0.052834458119623"
"    Percentage distribution of high school dropouts by employment status",,,,,,,,,,,,,,,,,,,,,,,,,,,,,,,,,,,,,,,,,,,,,,,,,,,,,,,,,,,,,
"        Employed (%)",,,,,,,,,,,"0.498033426663985",,,,,"0.460219798897689","0.488301813610369","0.52875183204532","0.542940124395203","0.540044022287708","0.503992568234315","0.497621632006521","0.451977135152863","0.484139757214511","0.497381352392926","0.50072027931435","0.511102248646529","0.524270421645533","0.528863949591725","0.532352692803268","0.524634906002041","0.475195998047879","0.475850067421213","0.486632371821298","0.494967753153976","0.488591519024542","0.473444485710464","0.533362248615695","0.551398623748955","0.55592530339229","0.569297370884931","0.583021122683648","0.574235864785313","0.534640135342525","0.529946999351798","0.569060989195962","0.563619604023707","0.554953259271913","0.468454927048555","0.431794232238731","0.458002522760003","0.497796463689596","0.448178638426305","0.411329540832808","0.446852419704552","0.417266427826758","0.465558234467373","0.467372605664775","0.506766262318803","0.503275603830112","0.524417171600761"
"        Unemployed (%)",,,,,,,,,,,"0.103061790489997",,,,,"0.155589388132435","0.159561294923184","0.135562608347568","0.124202583568616","0.126953470022258","0.170181180752451","0.183294760123377","0.210974461996034","0.181551899261678","0.173283828197348","0.174843438404613","0.163755330957528","0.135603962699224",,"0.138011724001812","0.133345010371053","0.15777269534485","0.14977275033388","0.128120399053015","0.130048414545724","0.141693351776182","0.149873750906675","0.131783054816809","0.102829715821002","0.997572234891498","0.122619553687422","0.148415400385594","0.133275169311329","0.136753046347044","0.143049968360002","0.11867696515151","0.11672539039609","0.11185337026647","0.163025676693702","0.198931056451178","0.187272301877","0.160489327495818","0.181085479920204","0.168098746739876","0.170064961476747","0.14189666347324","0.138734836819456","0.083154659500865","0.084984448692033","0.086357485580519","0.061903460137999"
"        Not in labor force (%)",,,,,,,,,,,"0.398904782846018",,,,,"0.384190812969876","0.352136891466447","0.335685559607113","0.33285729203618","0.333002507690034","0.325826251013235","0.319083607870102","0.337048402851104","0.334308343523811","0.329334819409726","0.324436282281036","0.325142420395943","0.340125615655243",,"0.329635583194921","0.342020083626905","0.367031306607272","0.374377182244906","0.385247229125688","0.3749838323003","0.369715129199276","0.376681763382861","0.334854696567497","0.345771660430043","0.34431747311856","0.308083075427647","0.268563476930758","0.292488965903358","0.328606818310431","0.3270030322882","0.312262045652529","0.319655005580202","0.333193370461618","0.368519396257742","0.369274711310092","0.354725175362997","0.341714208814587","0.37073588165349","0.420571712427317","0.383082618818701","0.440836908700002","0.395706928713171","0.44947273483436","0.408249288989163","0.410366910589368","0.413679368261239"
"    By race / ethnicity",,,,,,,,,,,,,,,,,,,,,,,,,,,,,,,,,,,,,,,,,,,,,,,,,,,,,,,,,,,,,
"        White (%)",,,,,,,,"0.1543","0.1469","0.1364","0.131740406234518","0.134149021906367","0.122617990157552","0.116226006182583","0.118665762971317","0.114297202460315","0.119601135088677","0.118833880452949","0.118787307185514","0.120016699558943","0.11365364104197","0.113467640704412","0.114425314936134","0.1114944339436","0.110314800155902","0.104299777242424","0.096889378682652","0.103671914141383","0.09623579576646","0.093778577737132","0.089771413570466","0.089233133516182","0.077262472067812","0.079382094240326","0.077384742755123","0.085813349597166","0.072879493672109","0.075965533094011","0.07741587652153","0.07299942820501","0.069280829815772","0.073229166443808","0.065161060801896","0.063431945519615","0.06751852478666","0.059550240822618","0.058485369767286","0.05271770878336","0.048064043457178","0.05208665814475","0.05071469842581","0.050174061112659","0.04285463173349","0.051070715513532","0.052321505123773","0.045619164033685","0.051906413440482","0.046448090114468","0.044644852978253","0.045299962836099","0.047722899652154"
"        Black (%)",,,,,,,,"0.2859","0.2737","0.2674","0.2786","0.24","0.213260353119325","0.221881704172843","0.21151098190048","0.229022883241576","0.204925925750321","0.197826080698694","0.202406630549246","0.211237069892363","0.191255699102851","0.184057040097968","0.183701378819398","0.179677132907281","0.155124186351006","0.151504392426612","0.141907350267191","0.141088350997602","0.14491964541634","0.139096955289759","0.132368216438395","0.136002452499579","0.137191849025129","0.135573188927218","0.126385441068494","0.120611307424975","0.129709606616489","0.13389778970421","0.137956023137973","0.125595504735914","0.131073561608002","0.108918990198748","0.112912761423331","0.109407334961752","0.117695625853768","0.104446417142726","0.107366553139478","0.08411203434444","0.09934512393235","0.0933176154658","0.080204855966784","0.073396843055278","0.075436778603716","0.073434651503365","0.074168522893883","0.064682861627084","0.061860759652558","0.056711184833269","0.058111306141601","0.056166595265666","0.041818813106772"
"        Hispanic (%)",,,,,,,,,,,,,"0.343063488530023","0.335342526366656","0.32982003960532","0.292185651943391","0.313649145156404","0.329962776468549","0.33314396273553","0.33764092583663","0.351592416899721","0.331802527971007","0.316729654630962","0.31559867797986","0.297870884679339","0.27591469909785","0.30121234373874","0.286340485014923","0.357525981582567","0.330051733479199","0.323655851203956","0.352759010289029","0.293989784500902","0.27515748593287","0.299651076616012","0.29987984963033","0.293516604443845","0.25316585256577","0.29536589794518","0.285576207282179","0.277920850493467","0.269611049351549","0.256898664241203","0.235445808750802","0.237880480128827","0.224475970839917","0.220675255408318","0.214373082584429","0.183280265391743","0.17601842101184","0.151487063880398","0.135898508111082","0.126813177245396","0.117235370565533","0.105704286391279","0.091655844117139","0.085867669597834","0.094577646855186","0.089598506594977","0.074643028457275","0.073664094785587"
"        Asian (%)",,,,,,,,,,,,,,,,,,,,,,,,,,,,,,,,,,,,,,,,,,,,,"0.034910724286309","0.027140425025144","0.036607889319039",,"0.045168705943128","0.020680708937178","0.040547304131155","0.043377008730969",,"0.031887520450799","0.010452219064304","0.03432405019272","0.02915065739391","0.019815551782001","0.040641318898141","0.026256856552738","0.023610016879511"
"        Pacific Islander (%)",,,,,,,,,,,,,,,,,,,,,,,,,,,,,,,,,,,,,,,,,,,,,,,,,,"0.184381258706059",,"0.043742851653757",,,"0.121130024165743",,"0.181535712725845",,"0.084111166337779",,
"        American Indian/Alaska Native (%)",,,,,,,,,,,,,,,,,,,,,,,,,,,,,,,,,,,,,,,,,,,,,"0.170006810022103","0.140118846133842","0.147304437356678",,"0.146353684142761","0.132399139810015","0.124248307173724","0.150055688153664",,"0.070269182749211","0.156760873696948","0.143753934121701","0.182396208909779","0.123346708235242","0.059192127014526","0.055533180805507","0.114842058323933"
"        Two or more races (%)",,,,,,,,,,,,,,,,,,,,,,,,,,,,,,,,,,,,,,,,,,,,,"0.060906268778263","0.082360776949222","0.069703053933345",,"0.041918121627777","0.0653156703571","0.05373544028742","0.04648217473438",,"0.057413116415939","0.027238322618414","0.04460511796911","0.03403504807812","0.032372443726101","0.049129924038369","0.032634760634403","0.065413429893335"
"    By gender",,,,,,,,,,,,,,,,,,,,,,,,,,,,,,,,,,,,,,,,,,,,,,,,,,,,,,,,,,,,,
"        Men (%)","0.278",,,,,,,"0.1648","0.1584","0.1426","0.1418","0.141908493259845","0.140972255653386","0.13661179282591","0.141959759878876","0.132797636632201","0.141319415532796","0.14451414976273","0.146301444659311","0.139663541901965","0.150839353702476","0.151140694666153","0.144997045378526","0.14853912601626","0.140247196181055","0.134038598152972","0.130666519201238","0.131762404735704","0.135342480866541","0.135917513545467","0.123163075732164","0.129840658759043","0.113309065801036","0.111708042982742","0.122650759091094","0.122034093015186","0.113770593968831","0.118545384043828","0.132960787815606","0.118798731170804","0.1964141056029","0.121895524938291","0.117832631984214","0.113012282537254","0.116264932928476","0.108297126782093","0.103448426905284","0.098136239289722","0.084781018242032","0.091326664027616","0.084946140823143","0.077245411236628","0.072975438414823","0.071888216566573","0.071267535990575","0.062895407142161","0.070879160136736","0.065824424155513","0.063418997066593","0.058827224725903","0.061967928735637"
"            By race / ethnicity",,,,,,,,,,,,,,,,,,,,,,,,,,,,,,,,,,,,,,,,,,,,,,,,,,,,,,,,,,,,,
"                White (%)",,,,,,,,"0.1468","0.1437","0.1258","0.1215","0.126118546845124","0.116493176637058","0.114576534370253","0.119863122893152","0.110043974265307","0.121240293733066","0.125954809634083","0.121742904719073","0.125557013256691","0.12267373038769","0.124856778318633","0.12048496222892","0.122008708255804","0.119467217159205","0.110562398600917","0.102677304032921","0.107708097604213","0.103498725657404","0.102574740919888","0.092905087079077","0.089412944928303","0.080038840569107","0.082308024789679","0.07988893816982","0.090033832678574","0.073100002630058","0.084873912074821","0.085824527890141","0.077075491807491","0.069816924205488","0.079066947187341","0.067238473553358","0.070773200039367","0.070880780891357","0.06609343709838","0.064066841821269","0.060451023248194","0.053565372909409","0.06277441024476","0.058990692960877","0.05433874907051","0.048003437065578","0.05459303704772","0.056829045802741","0.049801351982272","0.057855460529938","0.050092782210626","0.051275284718579","0.052808406875104","0.053963889477274"
"                Black (%)",,,,,,,,"0.3064","0.2707","0.269","0.2936","0.255389718076285","0.223091784816266","0.215309522749082","0.200699832458673","0.229557166722654","0.211602435854374","0.194865398746716","0.224716606950998","0.223937784931959","0.207667957759924","0.198651284179882","0.211911076534491","0.198970157052552","0.167970928802101","0.160690152909788","0.149779279698908","0.149951991645765","0.149906016781525","0.148917682211018","0.11890677008754","0.135336117295254","0.125163118709843","0.126275418301406","0.140756604165996","0.111480368078128","0.134906921599458","0.132707410580452","0.155473361549258","0.120910254340809","0.152670899813278","0.130072135191728","0.128337953719773","0.125110216752276","0.134580868876826","0.12078575131874","0.097184886880506","0.080232393402979","0.086717343440402","0.106227628246225","0.094706154342406","0.082979621469084","0.081279982664681","0.081794060937521","0.071324277078563","0.064234662005117","0.081870227059084","0.07022969739358","0.060105369202808","0.066424362847863","0.055806841424503"
"                Hispanic (%)",,,,,,,,,,,,,"0.336899902467218","0.304119657786716","0.337577703676259","0.26658543852555","0.302896247362163","0.315993215035419","0.336204194610598","0.330177223453133","0.372220797713906","0.360018459598991","0.305282767313125","0.342686834474034","0.306072746372958","0.298714333281236","0.328058973659192","0.291409216995845","0.360446711116825","0.343690412630615","0.34297735956298","0.39176304907357","0.321174816974578","0.281148503885187","0.315943681971377","0.299780996331977","0.303199530036471","0.269781674944505","0.335297917875893","0.310136113168465","0.31772697261094","0.315774935083322","0.295850515683834","0.266795354784118","0.285412337798025","0.264178417414333","0.257488163019801","0.246528025900234","0.198879683910353","0.190045283407642","0.173271139338443","0.145954801582192","0.139293929342008","0.12624855266856","0.118154002719495","0.099006058617162","0.100988148755125","0.114803520340181","0.103529515576212","0.07808843467983","0.088511611188742"
"                Asian (%)",,,,,,,,,,,,,,,,,,,,,,,,,,,,,,,,,,,,,,,,,,,,,"0.021275894157313","0.027546333705197","0.046341813741436",,"0.038881456635491",,"0.035864792477608","0.037794151755228",,"0.022779451968673","0.018746933725287","0.040345249264503","0.029474160739579","0.010754014331522","0.032846578306777","0.016783321189871","0.032054703196626"
"                Pacific Islander (%)",,,,,,,,,,,,,,,,,,,,,,,,,,,,,,,,,,,,,,,,,,,,,,,,,,"0.269264428048418",,,,,,,,,,,
"                American Indian/Alaska Native (%)",,,,,,,,,,,,,,,,,,,,,,,,,,,,,,,,,,,,,,,,,,,,,"0.12553383976405","0.166044221036795","0.168295766012504",,"0.185967872140464","0.123478781051362","0.105549812349403","0.098758327910968",,,"0.136633416372079","0.14422622811387","0.223407666399398","0.132746003170292","0.0483690021573","0.07487708213877","0.156850850186561"
"                Two or more races (%)",,,,,,,,,,,,,,,,,,,,,,,,,,,,,,,,,,,,,,,,,,,,,"0.063273532237991","0.082578340009584","0.069718316607426",,"0.036005055390786","0.055303408282063",,"0.049310016355487",,"0.041875072124828","0.040648700889974","0.045412977172603","0.046093453088174","0.035665894677432","0.039762908219446","0.054995670056716","0.051073308288464"
"        Women (%)","0.267",,,,,,,"0.1734","0.1645","0.1599","0.1565","0.151960189343367","0.150960657868969","0.14527005005238","0.143495761741123","0.144968230094878","0.141517099711304","0.137830416415208","0.138505041146656","0.141907615480649","0.130946331669199","0.127640330580484","0.132574707387637","0.125136473695796","0.122780216803065","0.117772269868496","0.11365786066037","0.121308068150322","0.122245719564966","0.116670641242612","0.118396085565523","0.119287008772886","0.107121645120326","0.108506197546804","0.106228164111948","0.117361929351864","0.108735774436352","0.101237547298114","0.10254645092181","0.105157679388232","0.098662372089677","0.092510633162132","0.091587514455333","0.084073738555995","0.089836620251896","0.07955508213432","0.083257700446948","0.076527472890206","0.075362566611264","0.069588536631044","0.063301357036045","0.064590876011385","0.058991506666671","0.063202165420744","0.059373596463958","0.054149553985263","0.050637987479095","0.049519565325398","0.050527996327436","0.045528266713579","0.043628410053075"
"            By race / ethnicity",,,,,,,,,,,,,,,,,,,,,,,,,,,,,,,,,,,,,,,,,,,,,,,,,,,,,,,,,,,,,
"                White (%)",,,,,,,,"0.1609","0.1497","0.1456","0.1409","0.1415313225058","0.128438172809166","0.117806063618578","0.11751822262367","0.118416396087039","0.117996108190148","0.111881330779211","0.115897790024568","0.114575243833662","0.104820320442095","0.10228551867038","0.108493346785815","0.101097348351399","0.101235476142512","0.098201541798179","0.091287666662225","0.997533380203082","0.08924631701148","0.085224300828764","0.086705145540714","0.089057293287939","0.074497635854975","0.076460323291697","0.074891259881336","0.081541327687002","0.072655974707631","0.066889905584939","0.068842236813204","0.068834611521986","0.068734899077129","0.067249665620995","0.063082184664915","0.056029403819858","0.064115495236016","0.052904536260369","0.052800411632222","0.044765044172914","0.042416983567128","0.041138761887018","0.042240351445035","0.045609232904827","0.037601511216799","0.047455360881232","0.047702286525567","0.043292542568732","0.045797874607529","0.042674605379383","0.037836407193204","0.037563082358311","0.041320247760879"
"                Black (%)",,,,,,,,"0.2687","0.2762","0.2669","0.2655","0.226190476190476","0.204652745408782","0.22774630172003","0.220816824275528","0.228564035999362","0.199150506542161","0.200368001106226","0.183330547644785","0.200379411979714","0.177175357282964","0.171264548051461","0.15879549493057","0.162243531348884","0.143440087727931","0.143308507967627","0.134843611939865","0.13323433833888","0.140493584374879","0.130118770607307","0.144395950597321","0.136605152672893","0.14825240470842","0.144168376037555","0.113208646135114","0.128788458387893","0.125019944851983","0.134979327625151","0.122357740852492","0.129793135776536","0.111306301837149","0.090006196053203","0.098915414398674","0.094937175916321","0.10208231902712","0.089970918894353","0.117112017242271","0.087869672453011","0.111265622516755","0.081231557199412","0.066886683162272","0.06445832375147","0.069886704148982","0.065528484841617","0.076901190558839","0.065115674370034","0.042587556046363","0.044011134740488","0.056198714262624","0.046485210540704","0.028669935957509"
"                Hispanic (%)",,,,,,,,,,,,,"0.348486373387716","0.36396433995552","0.322352628820684","0.315730392060913","0.32275411682116","0.342816889181476","0.330589591465233","0.345261817157453","0.331565759160582","0.303981745646538","0.327557567932707","0.290592483174977","0.290319383086236","0.252205582552915","0.272118739697249","0.28086206685792","0.354374331823041","0.315539693015695","0.303130860742616","0.31054087895493","0.266098378314732","0.269135998018943","0.280989331784706","0.299987516861553","0.283182349988559","0.234149474989106","0.24980765345724","0.25955713607226","0.234756712721507","0.221124552203139","0.211860960871021","0.200553169889221","0.184732005260652","0.180591946813184","0.180593391764683","0.179586711807617","0.166608813501572","0.16121257114589","0.128227822661382","0.124161220676302","0.113442619737688","0.107700332496488","0.092604890294495","0.084041956865056","0.070277765045475","0.073838081975711","0.075272367916803","0.071127044338993","0.058587427196131"
"                Asian (%)",,,,,,,,,,,,,,,,,,,,,,,,,,,,,,,,,,,,,,,,,,,,,"0.048990732997415","0.026713747799054","0.026756902045892",,"0.051287331553132","0.029834177209373","0.045366060330122","0.049165762556554",,"0.041047128189207",,"0.02835082773471","0.028822391000447","0.028951697295473","0.048448838929265","0.03541427654653","0.015302682349991"
"                Pacific Islander",,,,,,,,,,,,,,,,,,,,,,,,,,,,,,,,,,,,,,,,,,,,,,,,,,,,,,,,,,,,,
"                American Indian/Alaska Native (%)",,,,,,,,,,,,,,,,,,,,,,,,,,,,,,,,,,,,,,,,,,,,,"0.216882344206469","0.112847231503779","0.121388788017339",,"0.115510595388582","0.140738785909835","0.142028422727462","0.197213671364371",,"0.080213981511095","0.181288533907711","0.143179168655875","0.145976139389825","0.113278121825105","0.071323214771859",,
"                Two or more races (%)",,,,,,,,,,,,,,,,,,,,,,,,,,,,,,,,,,,,,,,,,,,,,"0.058417084394128","0.08216202095629","0.069689136303306",,"0.048271674832222","0.074943172546266","0.081946369889523","0.043491331988766",,"0.071978765316725","0.015311968935698","0.043877457625367","0.02175343947736","0.029341631667689","0.057693447696887",,"0.080396076676105"
"    By income",,,,,,,,,,,,,,,,,,,,,,,,,,,,,,,,,,,,,,,,,,,,,,,,,,,,,,,,,,,,,
"        Lowest income quartile by family income (%)",,,,,,,,,,,"0.28",,,,,"0.288","0.281","0.285","0.282","0.281","0.27","0.264","0.272","0.265","0.259","0.271","0.254","0.255","0.272","0.25","0.243","0.259","0.2339999999","0.2289999999","0.207","0.2319999999","0.22","0.218","0.223","0.21","0.207","0.193","0.188","0.195","0.18","0.179","0.165","0.1669999999","0.1639999999","0.158","0.138","0.13","0.118","0.107","0.1159999999","0.099","0.0969999999",,,,
"        Second income quartile (%)",,,,,,,,,,,"0.212",,,,,"0.18","0.192","0.19","0.1889999999","0.185","0.181","0.178","0.183","0.178","0.165","0.147","0.148","0.166","0.154","0.162","0.151","0.155","0.129","0.127","0.1369999999","0.138","0.136","0.135","0.149","0.143","0.128","0.134","0.123","0.108","0.127","0.115","0.121","0.105","0.094","0.0969999999","0.089","0.09","0.087","0.088","0.076","0.074","0.073",,,,
"        Third income quartile (%)",,,,,,,,,,,"0.1169999999",,,,,"0.102","0.1009999999","0.104","0.105","0.115","0.107","0.111","0.102","0.105","0.099","0.083","0.08","0.08","0.0819999999","0.087","0.087","0.077","0.073","0.066","0.087","0.083","0.07","0.062","0.077","0.074","0.083","0.09","0.084","0.073","0.0819999999","0.071","0.063","0.064","0.054","0.054","0.051","0.048","0.0409999999","0.05","0.047","0.043","0.054",,,,
"        Highest income quartile (%)",,,,,,,,,,,"0.052",,,,,"0.05","0.049","0.045","0.055","0.0559999999","0.057","0.052","0.044","0.0409999999","0.038","0.04","0.034","0.036","0.034","0.033","0.0289999999","0.03","0.024","0.0289999999","0.049","0.036","0.032","0.034","0.035","0.039","0.035","0.032","0.038","0.034","0.037","0.027","0.038","0.032","0.022","0.025","0.025","0.023","0.019","0.032","0.0279999999","0.024","0.026",,,,
"    By State",,,,,,,,,,,,,,,,,,,,,,,,,,,,,,,,,,,,,,,,,,,,,,,,,,,,,,,,,,,,,
"        Alabama (%)",,,,,,,,,,,,,,,,,,,,,,,,,,,,,,,,,,,,,,,,,,,,,,,,,,,,,,"0.089004677","0.076952692","0.073562143","0.068719548","0.066","0.0536345192",,
"        Alaska (%)",,,,,,,,,,,,,,,,,,,,,,,,,,,,,,,,,,,,,,,,,,,,,,,,,,,,,,"0.062344642","0.028446199","0.088485996","0.056363385","0.053","0.0439280326",,
"        Arizona (%)",,,,,,,,,,,,,,,,,,,,,,,,,,,,,,,,,,,,,,,,,,,,,,,,,,,,,,"0.093591662","0.084738202","0.092462801","0.076372441","0.08","0.0767566788",,
"        Arkansas (%)",,,,,,,,,,,,,,,,,,,,,,,,,,,,,,,,,,,,,,,,,,,,,,,,,,,,,,"0.068438717","0.067550046","0.067016645","0.07182822","0.057","0.0556303067",,
"        California (%)",,,,,,,,,,,,,,,,,,,,,,,,,,,,,,,,,,,,,,,,,,,,,,,,,,,,,,"0.067592771","0.060166021","0.056105636","0.053100111","0.046","0.0426149479",,
"        Colorado (%)",,,,,,,,,,,,,,,,,,,,,,,,,,,,,,,,,,,,,,,,,,,,,,,,,,,,,,"0.068794224","0.063786312","0.062483408","0.063897583","0.046","0.0472798043",,
"        Connecticut (%)",,,,,,,,,,,,,,,,,,,,,,,,,,,,,,,,,,,,,,,,,,,,,,,,,,,,,,"0.051471124","0.045755414","0.041210871","0.030932856","0.04","0.0394606084",,
"        Delaware (%)",,,,,,,,,,,,,,,,,,,,,,,,,,,,,,,,,,,,,,,,,,,,,,,,,,,,,,"0.062823817","0.065015373","0.063205194","0.071058973","0.04","0.0498360897",,
"        District of Columbia (%)",,,,,,,,,,,,,,,,,,,,,,,,,,,,,,,,,,,,,,,,,,,,,,,,,,,,,,"0.058919929","0.049691283","0.022548793","0.034746883","0.055","0.0446542065",,
"        Florida (%)",,,,,,,,,,,,,,,,,,,,,,,,,,,,,,,,,,,,,,,,,,,,,,,,,,,,,,"0.076407309","0.070931113","0.069288094","0.066290968","0.067","0.0654326451",,
"        Georgia (%)",,,,,,,,,,,,,,,,,,,,,,,,,,,,,,,,,,,,,,,,,,,,,,,,,,,,,,"0.087481582","0.070147844","0.074671063","0.068856494","0.065","0.0623060846",,
"        Hawaii (%)",,,,,,,,,,,,,,,,,,,,,,,,,,,,,,,,,,,,,,,,,,,,,,,,,,,,,,"0.047079987","0.049757069","0.030355387","0.03629412","0.032","0.0547772664",,
"        Idaho (%)",,,,,,,,,,,,,,,,,,,,,,,,,,,,,,,,,,,,,,,,,,,,,,,,,,,,,,"0.071991369","0.063782661","0.067528281","0.041121983","0.057","0.0736251851",,
"        Illinois (%)",,,,,,,,,,,,,,,,,,,,,,,,,,,,,,,,,,,,,,,,,,,,,,,,,,,,,,"0.054420505","0.051382408","0.051393557","0.048443525","0.051","0.0462978955",,
"        Indiana (%)",,,,,,,,,,,,,,,,,,,,,,,,,,,,,,,,,,,,,,,,,,,,,,,,,,,,,,"0.083974033","0.080287249","0.071782631","0.069598056","0.071","0.0741024869",,
"        Iowa (%)",,,,,,,,,,,,,,,,,,,,,,,,,,,,,,,,,,,,,,,,,,,,,,,,,,,,,,"0.046403118","0.050236632","0.045524653","0.044606237","0.037","0.0474715378",,
"        Kansas (%)",,,,,,,,,,,,,,,,,,,,,,,,,,,,,,,,,,,,,,,,,,,,,,,,,,,,,,"0.048795478","0.058694841","0.060957302","0.053288298","0.057","0.0516181131",,
"        Kentucky (%)",,,,,,,,,,,,,,,,,,,,,,,,,,,,,,,,,,,,,,,,,,,,,,,,,,,,,,"0.076487847","0.063708667","0.0687016","0.065761044","0.052","0.0563215511",,
"        Louisiana (%)",,,,,,,,,,,,,,,,,,,,,,,,,,,,,,,,,,,,,,,,,,,,,,,,,,,,,,"0.115775968","0.106403187","0.088612577","0.086717875","0.08","0.0776106068",,
"        Maine (%)",,,,,,,,,,,,,,,,,,,,,,,,,,,,,,,,,,,,,,,,,,,,,,,,,,,,,,"0.039067634","0.046528304","0.043387162","0.041055534","0.0289999999","0.0428815839",,
"        Maryland (%)",,,,,,,,,,,,,,,,,,,,,,,,,,,,,,,,,,,,,,,,,,,,,,,,,,,,,,"0.054149939","0.059632359","0.052042092","0.052470333","0.04","0.0390118757",,
"        Massachusetts (%)",,,,,,,,,,,,,,,,,,,,,,,,,,,,,,,,,,,,,,,,,,,,,,,,,,,,,,"0.039607233","0.038226097","0.03783077","0.037818817","0.036","0.0383526551",,
"        Michigan (%)",,,,,,,,,,,,,,,,,,,,,,,,,,,,,,,,,,,,,,,,,,,,,,,,,,,,,,"0.064064042","0.060284687","0.063501242","0.061274025","0.052","0.0529793285",,
"        Minnesota (%)",,,,,,,,,,,,,,,,,,,,,,,,,,,,,,,,,,,,,,,,,,,,,,,,,,,,,,"0.044573191","0.040077116","0.043855411","0.042729363","0.036","0.0419896217",,
"        Mississippi (%)",,,,,,,,,,,,,,,,,,,,,,,,,,,,,,,,,,,,,,,,,,,,,,,,,,,,,,"0.096139813","0.084210392","0.069042497","0.06187193","0.067","0.0624900025",,
"        Missouri (%)",,,,,,,,,,,,,,,,,,,,,,,,,,,,,,,,,,,,,,,,,,,,,,,,,,,,,,"0.059312479","0.058241132","0.061756583","0.057543684","0.0559999999","0.0598665716",,
"        Montana (%)",,,,,,,,,,,,,,,,,,,,,,,,,,,,,,,,,,,,,,,,,,,,,,,,,,,,,,"0.084856885","0.066568059","0.083606238","0.051593855","0.057","0.0647978991",,
"        Nebraska (%)",,,,,,,,,,,,,,,,,,,,,,,,,,,,,,,,,,,,,,,,,,,,,,,,,,,,,,"0.044497885","0.039431337","0.047193549","0.051322402","0.053","0.0431302577",,
"        Nevada (%)",,,,,,,,,,,,,,,,,,,,,,,,,,,,,,,,,,,,,,,,,,,,,,,,,,,,,,"0.109051648","0.086389833","0.098664983","0.081988575","0.076","0.0790244417",,
"        New Hampshire (%)",,,,,,,,,,,,,,,,,,,,,,,,,,,,,,,,,,,,,,,,,,,,,,,,,,,,,,"0.031083257","0.037448846","0.045642198","0.039052136","0.037","0.0406947517",,
"        New Jersey (%)",,,,,,,,,,,,,,,,,,,,,,,,,,,,,,,,,,,,,,,,,,,,,,,,,,,,,,"0.042793629","0.046021949","0.039455728","0.037368361","0.032","0.0358488311",,
"        New Mexico (%)",,,,,,,,,,,,,,,,,,,,,,,,,,,,,,,,,,,,,,,,,,,,,,,,,,,,,,"0.084493002","0.094715471","0.090504519","0.081596102","0.079","0.1033382735",,
"        New York (%)",,,,,,,,,,,,,,,,,,,,,,,,,,,,,,,,,,,,,,,,,,,,,,,,,,,,,,"0.066164341","0.060435732","0.053134028","0.055274764","0.05","0.0475696841",,
"        North Carolina (%)",,,,,,,,,,,,,,,,,,,,,,,,,,,,,,,,,,,,,,,,,,,,,,,,,,,,,,"0.079752304","0.058229632","0.06879224","0.060184685","0.0579999999","0.0569168285",,
"        North Dakota (%)",,,,,,,,,,,,,,,,,,,,,,,,,,,,,,,,,,,,,,,,,,,,,,,,,,,,,,"0.070305758","0.053261686","0.056068649","0.026540349","0.04","0.0271108433",,
"        Ohio (%)",,,,,,,,,,,,,,,,,,,,,,,,,,,,,,,,,,,,,,,,,,,,,,,,,,,,,,"0.060800299","0.060862553","0.057398738","0.062299863","0.052","0.0518743285",,
"        Oklahoma (%)",,,,,,,,,,,,,,,,,,,,,,,,,,,,,,,,,,,,,,,,,,,,,,,,,,,,,,"0.08781589","0.078679524","0.08499355","0.079472328","0.073","0.072257665",,
"        Oregon (%)",,,,,,,,,,,,,,,,,,,,,,,,,,,,,,,,,,,,,,,,,,,,,,,,,,,,,,"0.074090254","0.067822095","0.072559163","0.054693747","0.072","0.0609020184",,
"        Pennsylvania (%)",,,,,,,,,,,,,,,,,,,,,,,,,,,,,,,,,,,,,,,,,,,,,,,,,,,,,,"0.055209923","0.055275292","0.054742139","0.053307587","0.054","0.0542618366",,
"        Rhode Island (%)",,,,,,,,,,,,,,,,,,,,,,,,,,,,,,,,,,,,,,,,,,,,,,,,,,,,,,"0.057744749","0.061366835","0.055616014","0.040840115","0.032","0.0401181985",,
"        South Carolina (%)",,,,,,,,,,,,,,,,,,,,,,,,,,,,,,,,,,,,,,,,,,,,,,,,,,,,,,"0.087864811","0.073224279","0.058857745","0.059171033","0.061","0.064061113",,
"        South Dakota (%)",,,,,,,,,,,,,,,,,,,,,,,,,,,,,,,,,,,,,,,,,,,,,,,,,,,,,,"0.07053845","0.065842151","0.080910885","0.050818746","0.053","0.0812554136",,
"        Tennessee (%)",,,,,,,,,,,,,,,,,,,,,,,,,,,,,,,,,,,,,,,,,,,,,,,,,,,,,,"0.061392567","0.056280946","0.046829002","0.047834338","0.053","0.0537042242",,
"        Texas (%)",,,,,,,,,,,,,,,,,,,,,,,,,,,,,,,,,,,,,,,,,,,,,,,,,,,,,,"0.081658781","0.074584416","0.070755095","0.066895061","0.064","0.0595790618",,
"        Utah (%)",,,,,,,,,,,,,,,,,,,,,,,,,,,,,,,,,,,,,,,,,,,,,,,,,,,,,,"0.052465885","0.065502666","0.061083407","0.047137608","0.0409999999","0.038801576",,
"        Vermont (%)",,,,,,,,,,,,,,,,,,,,,,,,,,,,,,,,,,,,,,,,,,,,,,,,,,,,,,"0.032353013","0.027362168","0.013084449","0.045060195","0.073","0.0410377358",,
"        Virginia (%)",,,,,,,,,,,,,,,,,,,,,,,,,,,,,,,,,,,,,,,,,,,,,,,,,,,,,,"0.044199816","0.041523239","0.03483156","0.038608119","0.033","0.0336143524",,
"        Washington (%)",,,,,,,,,,,,,,,,,,,,,,,,,,,,,,,,,,,,,,,,,,,,,,,,,,,,,,"0.065416657","0.070585513","0.058474319","0.075066393","0.0579999999","0.0599939934",,
"        West Virginia (%)",,,,,,,,,,,,,,,,,,,,,,,,,,,,,,,,,,,,,,,,,,,,,,,,,,,,,,"0.075935115","0.066822549","0.050621545","0.065757573","0.046","0.0636972623",,
"        Wisconsin (%)",,,,,,,,,,,,,,,,,,,,,,,,,,,,,,,,,,,,,,,,,,,,,,,,,,,,,,"0.048641694","0.046536026","0.042204665","0.047055409","0.042","0.0435214338",,
"        Wyoming (%)",,,,,,,,,,,,,,,,,,,,,,,,,,,,,,,,,,,,,,,,,,,,,,,,,,,,,,"0.062416857","0.043127865","0.072579285","0.052090144","0.037","0.0283484466",,

"Sources:"
,"Agency","Source","Table","Url","Direct Link","Updated","Update Schedule"
,"National Center for Education Statistics","Digest of Education Statistics, Tables 219.75 and 219.70","","https://nces.ed.gov/programs/digest/","","2020","Yearly"
"Exported on: 02/12/2023"
